<?xml version="1.0" encoding="UTF-8"?>
<!--

    Licensed to Apereo under one or more contributor license
    agreements. See the NOTICE file distributed with this work
    for additional information regarding copyright ownership.
    Apereo licenses this file to you under the Apache License,
    Version 2.0 (the "License"); you may not use this file
    except in compliance with the License.  You may obtain a
    copy of the License at the following location:

      http://www.apache.org/licenses/LICENSE-2.0

    Unless required by applicable law or agreed to in writing,
    software distributed under the License is distributed on an
    "AS IS" BASIS, WITHOUT WARRANTIES OR CONDITIONS OF ANY
    KIND, either express or implied.  See the License for the
    specific language governing permissions and limitations
    under the License.

-->
<beans xmlns:xsi="http://www.w3.org/2001/XMLSchema-instance"
       xmlns:p="http://www.springframework.org/schema/p"
       xmlns:c="http://www.springframework.org/schema/c"
       xmlns:util="http://www.springframework.org/schema/util"
       xmlns:aop="http://www.springframework.org/schema/aop"
       xmlns="http://www.springframework.org/schema/beans"
       xsi:schemaLocation="http://www.springframework.org/schema/beans http://www.springframework.org/schema/beans/spring-beans.xsd

        http://www.springframework.org/schema/aop http://www.springframework.org/schema/aop/spring-aop.xsd
        http://www.springframework.org/schema/util http://www.springframework.org/schema/util/spring-util.xsd">
    <description>
        This is the main Spring configuration file with some of the main "core" classes defined. You shouldn't really
        modify this unless you know what you're doing!
    </description>

    <!--
      Including this aspectj-autoproxy element will cause spring to automatically
      create proxies around any beans defined in this file that match the pointcuts
      of any aspects defined in this file.
    -->
    <aop:aspectj-autoproxy/>


    <!-- #DEMO# -->
    <bean id="wxProperties" class="org.springframework.beans.factory.config.PropertyPlaceholderConfigurer">
        <property name="location" value="classpath:/secret.properties"></property>
        <property name="ignoreUnresolvablePlaceholders" value="true"></property>
    </bean>
    
    <bean id="weixin" class="com.moilioncircle.weixin.oauth.WeixinClient"
          c:appid="${wx.appid}"
          c:secret="${wx.secret}"
    />

    <bean id="facebook1" class="org.pac4j.oauth.client.FacebookClient">
        <property name="key" value="${fb.key}"/>
        <property name="secret" value="${fb.secret}"/>
        <property name="scope"
                  value="email,user_likes,user_about_me,user_birthday,user_education_history,user_hometown,user_relationship_details,user_location,user_religion_politics,user_relationships,user_work_history,user_website,user_photos,user_events,user_groups,user_actions.music"/>
        <property name="fields"
                  value="id,name,first_name,middle_name,last_name,gender,locale,languages,link,third_party_id,timezone,updated_time,verified,bio,birthday,education,email,hometown,interested_in,location,political,favorite_athletes,favorite_teams,quotes,relationship_status,religion,significant_other,website,work,friends,movies,music,books,likes,albums,events,groups,music.listens,picture"/>
    </bean>

    <bean id="twitter1" class="org.pac4j.oauth.client.TwitterClient">
        <property name="key" value="OPEWaSoTuAe49K4dSoRvNw"/>
        <property name="secret" value="aKmvleltXAmLKcnlMgzRjTsCnhV3QVMVDh153xJttCo"/>
    </bean>

    <bean id="caswrapper1" class="org.pac4j.oauth.client.CasOAuthWrapperClient">
        <property name="key" value="this_is_the_key"/>
        <property name="secret" value="this_is_the_secret"/>
        <property name="casOAuthUrl" value="http://localhost:8080/cas2/oauth2.0"/>
    </bean>

    <bean id="cas1" class="org.pac4j.cas.client.CasClient">
        <property name="casLoginUrl" value="http://localhost:8080/cas2/login"/>
        <!-- property name="casProtocol">
            <util:constant static-field="org.pac4j.cas.client.CasClient.CasProtocol.SAML" />
        </property-->
    </bean>

    <bean id="samlConfig" class="org.pac4j.saml.client.SAML2ClientConfiguration"
          c:keystorePassword="pac4j-demo-passwd"
          c:privateKeyPassword="pac4j-demo-passwd"
          c:keystorePath="resource:samlKeystore.jks"
          c:identityProviderMetadataPath="resource:testshib-providers.xml"/>

    <bean id="saml1" class="org.pac4j.saml.client.SAML2Client"
          c:configuration-ref="samlConfig"/>

    <bean id="clients" class="org.pac4j.core.client.Clients">
        <property name="callbackUrl" value="http://sso.anwee.com/cas/login"/>
        <property name="clients">
            <list>
                <ref bean="weixin"/>
                <ref bean="facebook1"/>
                <ref bean="twitter1"/>
                <ref bean="caswrapper1"/>
                <ref bean="cas1"/>
                <ref bean="saml1"/>
            </list>
        </property>
    </bean>
    <!-- #DEMO# -->

    <!--
        Message source for this context, loaded from localized "messages_xx" files.]

        Disable the fallback mechanism to the system/JVM locale. By turning off this behavior, CAS
        will be able to revert back to the default language bundle that is "messages.properties"
        and will not rely on the JVM default locale which introduces the side effect of rendering
        the UI in the JVM locale by default.

        Also, explicitly set the default encoding to be UTF-8 when parsing message bundles.
        The default, if not set, is none which forces ISO-8859-1 of java.util.ResourceBundle.
    -->
    <bean id="messageSource" class="org.jasig.cas.web.view.CasReloadableMessageBundle"
          p:basenames-ref="basenames" p:fallbackToSystemLocale="false" p:defaultEncoding="UTF-8"
          p:cacheSeconds="180" p:useCodeAsDefaultMessage="true"/>

    <util:list id="basenames">
        <value>classpath:custom_messages</value>
        <value>classpath:messages</value>
    </util:list>

    <bean id="servicesManager" class="org.jasig.cas.services.DefaultServicesManagerImpl"
          c:serviceRegistryDao-ref="serviceRegistryDao"/>

    <!--
        Job to periodically reload services from service registry.
        This job is needed for a clustered CAS environment since service changes
        in one CAS node are not known to the other until a reload.
    -->
    <bean id="serviceRegistryReloaderJobDetail"
          class="org.springframework.scheduling.quartz.MethodInvokingJobDetailFactoryBean"
          p:targetObject-ref="servicesManager"
          p:targetMethod="reload"/>

    <bean id="periodicServiceRegistryReloaderTrigger"
          class="org.springframework.scheduling.quartz.SimpleTriggerFactoryBean"
          p:jobDetail-ref="serviceRegistryReloaderJobDetail"
          p:startDelay="${service.registry.quartz.reloader.startDelay:120000}"
          p:repeatInterval="${service.registry.quartz.reloader.repeatInterval:120000}"/>


    <!-- HTTP clients -->
    <bean id="httpClient" class="org.jasig.cas.util.http.SimpleHttpClientFactoryBean" abstract="true"
          p:readTimeout="${http.client.read.timeout:5000}"
          p:connectionTimeout="${http.client.connection.timeout:5000}"/>

    <bean id="noRedirectHttpClient" class="org.jasig.cas.util.http.SimpleHttpClientFactoryBean" parent="httpClient"
          p:redirectsEnabled="false" p:circularRedirectsAllowed="false"/>

    <bean id="trustStoreSslSocketFactory" class="org.jasig.cas.authentication.FileTrustStoreSslSocketFactory"
          c:trustStoreFile="${http.client.truststore.file:classpath:truststore.jks}"
          c:trustStorePassword="${http.client.truststore.psw:changeit}"/>

    <bean id="supportsTrustStoreSslSocketFactoryHttpClient" class="org.jasig.cas.util.http.SimpleHttpClientFactoryBean"
          parent="httpClient" p:sslSocketFactory-ref="trustStoreSslSocketFactory"/>


    <bean id="logoutManager" class="org.jasig.cas.logout.LogoutManagerImpl"
          c:servicesManager-ref="servicesManager"
          c:httpClient-ref="noRedirectHttpClient"
          c:logoutMessageBuilder-ref="logoutBuilder"
          p:singleLogoutCallbacksDisabled="${slo.callbacks.disabled:false}"
          p:asynchronous="${slo.callbacks.asynchronous:true}"/>

    <bean id="logoutBuilder" class="org.jasig.cas.logout.SamlCompliantLogoutMessageCreator"/>

    <bean id="principalFactory" class="org.jasig.cas.authentication.principal.DefaultPrincipalFactory"
          scope="prototype"/>

    <!-- CentralAuthenticationService -->
    <bean id="centralAuthenticationService" class="org.jasig.cas.CentralAuthenticationServiceImpl"
          c:ticketRegistry-ref="ticketRegistry"
          c:serviceTicketRegistry="#{null}"
          c:uniqueTicketIdGeneratorsForService-ref="uniqueIdGeneratorsMap"
          c:authenticationManager-ref="authenticationManager"
          c:ticketGrantingTicketUniqueTicketIdGenerator-ref="ticketGrantingTicketUniqueIdGenerator"
          c:ticketGrantingTicketExpirationPolicy-ref="grantingTicketExpirationPolicy"
          c:serviceTicketExpirationPolicy-ref="serviceTicketExpirationPolicy"
          c:servicesManager-ref="servicesManager"
          c:logoutManager-ref="logoutManager"
          p:principalFactory-ref="principalFactory"/>

    <bean id="proxy10Handler" class="org.jasig.cas.ticket.proxy.support.Cas10ProxyHandler"/>

    <bean id="proxy20Handler" class="org.jasig.cas.ticket.proxy.support.Cas20ProxyHandler"
          p:httpClient-ref="supportsTrustStoreSslSocketFactoryHttpClient"
          p:uniqueTicketIdGenerator-ref="proxy20TicketUniqueIdGenerator"/>

    <!-- ADVISORS -->
    <bean id="advisorAutoProxyCreator"
          class="org.springframework.aop.framework.autoproxy.DefaultAdvisorAutoProxyCreator"/>

    <bean id="validationAnnotationBeanPostProcessor" class="org.jasig.cas.util.CustomBeanValidationPostProcessor"
          p:afterInitialization="true"/>

    <!-- The scheduler bean wires up any triggers that define scheduled tasks -->
    <bean id="scheduler" class="org.jasig.cas.util.AutowiringSchedulerFactoryBean"/>

</beans>
