<?xml version="1.0" encoding="UTF-8"?>
<!--

    Licensed to Apereo under one or more contributor license
    agreements. See the NOTICE file distributed with this work
    for additional information regarding copyright ownership.
    Apereo licenses this file to you under the Apache License,
    Version 2.0 (the "License"); you may not use this file
    except in compliance with the License.  You may obtain a
    copy of the License at the following location:

      http://www.apache.org/licenses/LICENSE-2.0

    Unless required by applicable law or agreed to in writing,
    software distributed under the License is distributed on an
    "AS IS" BASIS, WITHOUT WARRANTIES OR CONDITIONS OF ANY
    KIND, either express or implied.  See the License for the
    specific language governing permissions and limitations
    under the License.

-->
<beans xmlns="http://www.springframework.org/schema/beans"
       xmlns:xsi="http://www.w3.org/2001/XMLSchema-instance"
       xmlns:webflow="http://www.springframework.org/schema/webflow-config"
       xmlns:p="http://www.springframework.org/schema/p"
       xmlns:mvc="http://www.springframework.org/schema/mvc"
       xmlns:context="http://www.springframework.org/schema/context"
       xmlns:c="http://www.springframework.org/schema/c"
       xmlns:util="http://www.springframework.org/schema/util"
       xsi:schemaLocation="http://www.springframework.org/schema/beans http://www.springframework.org/schema/beans/spring-beans.xsd
       http://www.springframework.org/schema/util http://www.springframework.org/schema/util/spring-util.xsd
       http://www.springframework.org/schema/context http://www.springframework.org/schema/context/spring-context.xsd
       http://www.springframework.org/schema/mvc http://www.springframework.org/schema/mvc/spring-mvc.xsd
       http://www.springframework.org/schema/webflow-config http://www.springframework.org/schema/webflow-config/spring-webflow-config-2.3.xsd">

    <!--
    | The base-package indicates where components stored. Spring will scan this
    | folder and find out the annotated beans and register it in Spring container.
    -->
    <context:component-scan base-package="org.jasig.cas" />
    <context:annotation-config/>

    <!-- Scan CAS artifacts to mvc annotations, such as controllers.
         The scan is controlled by the application context config file -->
    <mvc:annotation-driven />

    <import resource="spring-configuration/propertyFileConfigurer.xml"/>

    <!-- Theme Resolver -->
    <bean id="themeResolver" class="org.jasig.cas.services.web.ServiceThemeResolver"
          p:defaultThemeName="${cas.themeResolver.defaultThemeName}"
          p:servicesManager-ref="servicesManager">
        <property name="mobileBrowsers">
            <util:map>
                <entry key=".*iPhone.*" value="iphone"/>
                <entry key=".*Android.*" value="iphone"/>
                <entry key=".*Safari.*Pre.*" value="iphone"/>
                <entry key=".*Nokia.*AppleWebKit.*" value="iphone"/>
            </util:map>
        </property>
    </bean>

    <bean id="themeChangeInterceptor" class="org.springframework.web.servlet.theme.ThemeChangeInterceptor"
          p:paramName="theme" />

    <!-- View Resolver  -->
    <bean id="viewResolver" class="org.springframework.web.servlet.view.ResourceBundleViewResolver"
          p:order="0">
        <property name="basenames">
            <util:list>
                <value>cas_views</value>
            </util:list>
        </property>
    </bean>

    <!--
    <bean id="xmlViewResolver" class="org.springframework.web.servlet.view.XmlViewResolver"
            p:order="1"
            p:location="${cas.viewResolver.xmlFile:classpath:/META-INF/spring/views.xml}" />


      <bean id="xmlViewResolver" class="org.springframework.web.servlet.view.XmlViewResolver"
            p:order="1"
            p:location="${cas.viewResolver.xmlFile:classpath:/META-INF/spring/saml-protocol-views.xml}" />
    -->

    <bean id="urlBasedViewResolver" class="org.springframework.web.servlet.view.UrlBasedViewResolver"
          p:viewClass="org.springframework.web.servlet.view.InternalResourceView"
          p:prefix="/WEB-INF/view/jsp/"
          p:suffix=".jsp"
          p:order="2"/>

    <bean id="internalViewResolver" class="org.springframework.web.servlet.view.InternalResourceViewResolver"
          p:viewClass="org.springframework.web.servlet.view.JstlView"
          p:prefix="${cas.viewResolver.defaultViewsPathPrefix:/WEB-INF/view/jsp/default/ui/}"
          p:suffix=".jsp"
          p:order="3"/>

    <!-- Locale Resolver -->
    <bean id="localeResolver" class="org.springframework.web.servlet.i18n.CookieLocaleResolver" p:defaultLocale="en" />

    <bean id="localeChangeInterceptor" class="org.springframework.web.servlet.i18n.LocaleChangeInterceptor"/>

    <bean id="errorHandlerResolver" class="org.jasig.cas.web.FlowExecutionExceptionResolver"/>

    <bean class="org.springframework.web.servlet.mvc.SimpleControllerHandlerAdapter"/>

    <bean
            id="handlerMappingC"
            class="org.springframework.web.servlet.handler.SimpleUrlHandlerMapping"
            p:alwaysUseFullPath="true">
        <property name="mappings">
            <util:properties>
                <prop key="/serviceValidate">serviceValidateController</prop>
                <prop key="/proxyValidate">proxyValidateController</prop>

                <!--
                <prop key="/samlValidate">samlValidateController</prop>
                -->

                <prop key="/p3/serviceValidate">v3ServiceValidateController</prop>
                <prop key="/p3/proxyValidate">v3ProxyValidateController</prop>
                <prop key="/validate">legacyValidateController</prop>
                <prop key="/proxy">proxyController</prop>
                <prop key="/authorizationFailure.html">passThroughController</prop>
                <!-- #DEMO# -->
                <prop key="/oauth2.0/*">oauth20WrapperController</prop>
                <!-- #DEMO# -->
            </util:properties>
        </property>
        <!--
         uncomment this to enable sending PageRequest events.
         <property
           name="interceptors">
           <list>
             <ref bean="pageRequestHandlerInterceptorAdapter" />
           </list>
         </property>
          -->
    </bean>

    <!-- #DEMO# -->
    <bean
            id="oauth20WrapperController"
            class="org.jasig.cas.support.oauth.web.OAuth20WrapperController"
            p:loginUrl="http://localhost:8080/cas2/login"
            p:servicesManager-ref="servicesManager"
            p:ticketRegistry-ref="ticketRegistry"
            p:timeout="7200" />
    <!-- #DEMO# -->

    <bean id="passThroughController" class="org.springframework.web.servlet.mvc.UrlFilenameViewController"/>

    <!-- login webflow configuration -->
    <bean id="loginFlowHandlerMapping" class="org.springframework.webflow.mvc.servlet.FlowHandlerMapping"
          p:flowRegistry-ref="loginFlowRegistry" p:order="2">
        <property name="interceptors">
            <array value-type="org.springframework.web.servlet.HandlerInterceptor">
                <ref bean="localeChangeInterceptor" />
            </array>
        </property>
    </bean>

    <bean id="loginHandlerAdapter" class="org.jasig.cas.web.flow.SelectiveFlowHandlerAdapter"
          p:supportedFlowId="login" p:flowExecutor-ref="loginFlowExecutor" p:flowUrlHandler-ref="loginFlowUrlHandler" />

    <bean id="loginFlowUrlHandler" class="org.jasig.cas.web.flow.CasDefaultFlowUrlHandler" />

    <bean name="loginFlowExecutor" class="org.springframework.webflow.executor.FlowExecutorImpl"
          c:definitionLocator-ref="loginFlowRegistry"
          c:executionFactory-ref="loginFlowExecutionFactory"
          c:executionRepository-ref="loginFlowExecutionRepository" />

    <bean name="loginFlowExecutionFactory" class="org.springframework.webflow.engine.impl.FlowExecutionImplFactory"
          p:executionKeyFactory-ref="loginFlowExecutionRepository"/>

    <bean id="loginFlowExecutionRepository" class=" org.jasig.spring.webflow.plugin.ClientFlowExecutionRepository"
          c:flowExecutionFactory-ref="loginFlowExecutionFactory"
          c:flowDefinitionLocator-ref="loginFlowRegistry"
          c:transcoder-ref="loginFlowStateTranscoder" />

    <!--
    The login flow transcoder encrypts the flow execution identifier
    using the  128-bit AES in CBC ciphering mode with compression turned on.

    This behaviour can be altered by defining an explicit CipherBean.
    -->
    <bean id="loginFlowStateTranscoder" class="org.jasig.spring.webflow.plugin.EncryptedTranscoder"
          c:cipherBean-ref="loginFlowCipherBean" />

    <bean id="loginFlowCipherBean" class="org.cryptacular.bean.BufferedBlockCipherBean"
          p:keyAlias="${cas.webflow.keyalias:aes128}"
          p:keyStore-ref="loginFlowCipherKeystore"
          p:keyPassword="${cas.webflow.keypassword:changeit}">
        <property name="nonce">
            <bean class="org.cryptacular.generator.sp80038a.RBGNonce" />
        </property>
        <property name="blockCipherSpec">
            <bean class="org.cryptacular.spec.BufferedBlockCipherSpec"
                  c:algName="${cas.webflow.cipher.alg:AES}"
                  c:cipherMode="${cas.webflow.cipher.mode:CBC}"
                  c:cipherPadding="${cas.webflow.cipher.padding:PKCS7}" />
        </property>
    </bean>

    <bean id="loginFlowCipherKeystore" class="java.security.KeyStore"
          factory-bean="loginFlowCipherKeystoreFactory" factory-method="newInstance" />

    <bean id="loginFlowCipherKeystoreFactory" class="org.cryptacular.bean.KeyStoreFactoryBean"
          c:type="${cas.webflow.keystore.type:JCEKS}"
          c:password="${cas.webflow.keystore.password:changeit}">
        <constructor-arg name="resource">
            <bean class="org.cryptacular.io.URLResource"
                  c:url="${cas.webflow.keystore:classpath:/etc/keystore.jceks}" />
        </constructor-arg>
    </bean>

    <webflow:flow-registry id="loginFlowRegistry" flow-builder-services="builder" base-path="/WEB-INF/webflow">
        <webflow:flow-location-pattern value="/login/*-webflow.xml"/>
    </webflow:flow-registry>

    <!-- logout webflow configuration -->
    <bean id="logoutFlowHandlerMapping" class="org.springframework.webflow.mvc.servlet.FlowHandlerMapping"
          p:flowRegistry-ref="logoutFlowRegistry" p:order="3">
        <property name="interceptors">
            <array value-type="org.springframework.web.servlet.HandlerInterceptor">
                <ref bean="localeChangeInterceptor" />
            </array>
        </property>
    </bean>

    <bean id="logoutHandlerAdapter" class="org.jasig.cas.web.flow.SelectiveFlowHandlerAdapter"
          p:supportedFlowId="logout" p:flowExecutor-ref="logoutFlowExecutor" p:flowUrlHandler-ref="logoutFlowUrlHandler" />

    <bean id="logoutFlowUrlHandler" class="org.jasig.cas.web.flow.CasDefaultFlowUrlHandler"
          p:flowExecutionKeyParameter="RelayState" />

    <webflow:flow-executor id="logoutFlowExecutor" flow-registry="logoutFlowRegistry">
        <webflow:flow-execution-attributes>
            <webflow:always-redirect-on-pause value="false" />
            <webflow:redirect-in-same-state value="false" />
        </webflow:flow-execution-attributes>
    </webflow:flow-executor>

    <webflow:flow-registry id="logoutFlowRegistry" flow-builder-services="builder" base-path="/WEB-INF/webflow">
        <webflow:flow-location-pattern value="/logout/*-webflow.xml"/>
    </webflow:flow-registry>

    <webflow:flow-builder-services id="builder" view-factory-creator="viewFactoryCreator" expression-parser="expressionParser" />

    <bean id="logoutConversionService" class="org.jasig.cas.web.flow.LogoutConversionService" />

    <bean id="expressionParser" class="org.springframework.webflow.expression.spel.WebFlowSpringELExpressionParser"
          c:conversionService-ref="logoutConversionService">
        <constructor-arg>
            <bean class="org.springframework.expression.spel.standard.SpelExpressionParser" />
        </constructor-arg>
    </bean>

    <bean id="viewFactoryCreator" class="org.springframework.webflow.mvc.builder.MvcViewFactoryCreator">
        <property name="viewResolvers">
            <util:list>
                <ref bean="viewResolver"/>
                <ref bean="internalViewResolver"/>
            </util:list>
        </property>
    </bean>

    <!--  CAS 2 Protocol service/proxy validation -->
    <bean id="abstractValidateController" class="org.jasig.cas.web.ServiceValidateController" abstract="true"
          p:centralAuthenticationService-ref="centralAuthenticationService"
          p:proxyHandler-ref="proxy20Handler"
          p:argumentExtractor-ref="casArgumentExtractor"
          p:servicesManager-ref="servicesManager" />

    <bean id="proxyValidateController" parent="abstractValidateController"/>

    <bean id="serviceValidateController" parent="abstractValidateController"
          p:validationSpecificationClass="org.jasig.cas.validation.Cas20WithoutProxyingValidationSpecification"/>

    <!--  CAS 3 Protocol service/proxy validation with attributes -->
    <bean id="v3AbstractValidateController" parent="abstractValidateController" abstract="true"
          p:successView="cas3ServiceSuccessView"
          p:failureView="cas3ServiceFailureView" />

    <bean id="v3ProxyValidateController" parent="v3AbstractValidateController" />

    <bean id="v3ServiceValidateController" parent="v3AbstractValidateController"
          p:validationSpecificationClass="org.jasig.cas.validation.Cas20WithoutProxyingValidationSpecification"/>

    <!--  CAS 1 legacy validation -->
    <bean id="legacyValidateController" parent="abstractValidateController"
          p:proxyHandler-ref="proxy10Handler"
          p:successView="cas1ServiceSuccessView"
          p:failureView="cas1ServiceFailureView"
          p:validationSpecificationClass="org.jasig.cas.validation.Cas10ProtocolValidationSpecification"/>

    <bean id="proxyController" class="org.jasig.cas.web.ProxyController"
          p:centralAuthenticationService-ref="centralAuthenticationService"/>

    <bean id="logoutAction" class="org.jasig.cas.web.flow.LogoutAction"
          p:servicesManager-ref="servicesManager"
          p:followServiceRedirects="${cas.logout.followServiceRedirects:false}"/>

    <bean id="frontChannelLogoutAction" class="org.jasig.cas.web.flow.FrontChannelLogoutAction"
          c:logoutManager-ref="logoutManager"/>

    <bean id="initialFlowSetupAction" class="org.jasig.cas.web.flow.InitialFlowSetupAction"
          p:argumentExtractors-ref="argumentExtractors"
          p:warnCookieGenerator-ref="warnCookieGenerator"
          p:ticketGrantingTicketCookieGenerator-ref="ticketGrantingTicketCookieGenerator"
          p:servicesManager-ref="servicesManager"
          p:enableFlowOnAbsentServiceRequest="${create.sso.missing.service:true}"  />

    <bean id="genericSuccessViewAction" class="org.jasig.cas.web.flow.GenericSuccessViewAction"
          c:centralAuthenticationService-ref="centralAuthenticationService" />

    <bean id="authenticationViaFormAction" class="org.jasig.cas.web.flow.AuthenticationViaFormAction"
          p:centralAuthenticationService-ref="centralAuthenticationService"
          p:warnCookieGenerator-ref="warnCookieGenerator"/>

    <bean id="authenticationExceptionHandler" class="org.jasig.cas.web.flow.AuthenticationExceptionHandler" />

    <bean id="generateServiceTicketAction" class="org.jasig.cas.web.flow.GenerateServiceTicketAction"
          p:centralAuthenticationService-ref="centralAuthenticationService"/>

    <bean id="sendTicketGrantingTicketAction" class="org.jasig.cas.web.flow.SendTicketGrantingTicketAction"
          c:centralAuthenticationService-ref="centralAuthenticationService"
          c:ticketGrantingTicketCookieGenerator-ref="ticketGrantingTicketCookieGenerator"
          c:servicesManager-ref="servicesManager"
          p:createSsoSessionCookieOnRenewAuthentications="${create.sso.renewed.authn:true}" />

    <bean id="gatewayServicesManagementCheck" class="org.jasig.cas.web.flow.GatewayServicesManagementCheck"
          c:servicesManager-ref="servicesManager" />

    <bean id="serviceAuthorizationCheck" class="org.jasig.cas.web.flow.ServiceAuthorizationCheck"
          c:servicesManager-ref="servicesManager" />

    <bean id="generateLoginTicketAction" class="org.jasig.cas.web.flow.GenerateLoginTicketAction"
          p:ticketIdGenerator-ref="loginTicketUniqueIdGenerator"/>

    <bean id="messageInterpolator" class="org.jasig.cas.util.SpringAwareMessageMessageInterpolator"/>

    <bean id="credentialsValidator" class="org.springframework.validation.beanvalidation.LocalValidatorFactoryBean"
          p:messageInterpolator-ref="messageInterpolator"/>

    <bean id="ticketGrantingTicketCheckAction" class="org.jasig.cas.web.flow.TicketGrantingTicketCheckAction"
          c:centralAuthenticationService-ref="centralAuthenticationService" />

    <bean id="terminateSessionAction" class="org.jasig.cas.web.flow.TerminateSessionAction"
          c:cas-ref="centralAuthenticationService"
          c:tgtCookieGenerator-ref="ticketGrantingTicketCookieGenerator"
          c:warnCookieGenerator-ref="warnCookieGenerator"/>

    <bean id="acceptableUsagePolicyFormAction" class="org.jasig.cas.web.flow.AcceptableUsagePolicyFormAction"/>

    <!--
    <bean id="samlValidateController" class="org.jasig.cas.web.ServiceValidateController"
            p:validationSpecificationClass="org.jasig.cas.validation.Cas20WithoutProxyingValidationSpecification"
            p:centralAuthenticationService-ref="centralAuthenticationService"
            p:proxyHandler-ref="proxy20Handler"
            p:argumentExtractor-ref="samlArgumentExtractor"
            p:successView="casSamlServiceSuccessView"
            p:failureView="casSamlServiceFailureView"/>
    -->
</beans>
